Customer_ID,PurchasesFromStore,PurchasesFromWeb,PurchasesFromCatalog
1,9,3,4
2,7,7,3
3,2,3,2
4,3,1,0
5,7,6,11
6,4,2,1
7,5,6,1
8,4,3,0
9,7,6,6
10,3,2,2
11,3,4,1
12,2,1,1
13,9,7,2
14,4,2,0
15,3,0,0
16,5,8,1
17,2,1,1
18,3,2,0
19,4,2,0
20,4,3,0
21,3,1,0
22,8,5,1
23,4,4,5
24,5,5,1
25,4,5,3
26,11,4,5
27,3,1,0
28,5,8,3
29,5,5,1
30,8,8,4
31,6,4,1
32,11,8,3
33,5,6,2
34,2,1,0
35,3,1,0
36,4,5,1
37,7,4,1
38,7,4,6
39,9,5,7
40,3,2,1
41,10,7,5
42,4,3,2
43,3,2,0
44,10,4,2
45,2,1,1
46,4,2,1
47,9,9,6
48,11,4,4
49,7,4,1
50,4,7,2
51,8,6,2
52,7,7,1
53,3,1,0
54,9,5,4
55,3,3,1
56,7,4,4
57,3,3,4
58,4,3,1
59,3,2,0
60,5,2,1
61,6,3,3
62,11,3,7
63,3,3,0
64,5,8,3
65,9,4,4
66,10,6,5
67,3,2,0
68,6,5,1
69,6,4,1
70,5,9,2
71,8,7,2
72,5,7,1
73,6,8,2
74,2,1,0
75,5,9,1
76,6,3,2
77,11,2,2
78,10,7,2
79,9,11,4
80,3,2,0
81,3,5,5
82,11,6,2
83,6,11,1
84,11,3,8
85,11,6,2
86,4,1,4
87,2,1,1
88,3,2,0
89,11,11,4
90,4,4,1
91,3,2,0
92,8,3,5
93,13,4,3
94,10,4,7
95,10,3,4
96,4,1,0
97,9,7,7
98,3,2,0
99,2,1,0
100,7,8,1
101,4,2,0
102,2,2,1
103,10,5,4
104,9,8,5
105,13,3,10
106,4,1,1
107,6,3,4
108,13,3,3
109,9,8,6
110,7,5,6
111,4,1,1
112,3,1,0
113,4,5,6
114,7,8,3
115,2,1,0
116,7,8,1
117,6,7,2
118,4,5,1
119,12,7,2
120,2,0,1
121,3,1,0
122,7,9,1
123,10,7,6
124,2,2,2
125,2,2,1
126,3,1,1
127,5,4,2
128,3,1,0
129,2,1,0
130,6,5,9
131,8,6,2
132,8,4,3
133,11,2,2
134,6,4,4
135,11,6,7
136,3,2,0
137,5,4,4
138,4,3,1
139,3,3,1
140,9,8,4
141,8,7,5
142,5,2,2
143,4,6,6
144,3,2,0
145,8,11,4
146,3,1,0
147,3,1,0
148,2,0,1
149,4,6,1
150,11,4,2
151,13,6,5
152,12,5,4
153,4,4,6
154,10,8,2
155,3,3,0
156,5,2,1
157,4,3,1
158,11,8,2
159,10,6,2
160,9,6,5
161,10,5,2
162,3,2,0
163,10,3,4
164,7,7,1
165,2,1,0
166,10,5,2
167,4,3,0
168,4,6,2
169,3,4,0
170,7,5,1
171,3,1,0
172,2,1,1
173,2,1,0
174,2,2,1
175,7,3,2
176,3,7,1
177,7,4,2
178,4,3,0
179,5,3,1
180,2,1,2
181,3,2,1
182,4,4,2
183,5,7,3
184,7,7,3
185,11,6,2
186,9,5,2
187,4,4,1
188,5,4,1
189,8,5,1
190,3,2,1
191,3,6,2
192,7,6,4
193,11,6,7
194,12,9,2
195,13,7,3
196,3,1,1
197,10,8,2
198,3,2,0
199,7,5,6
200,5,5,1
201,3,1,0
202,10,6,9
203,6,7,1
204,8,5,4
205,4,5,2
206,4,3,1
207,4,2,1
208,7,8,9
209,3,1,0
210,3,1,0
211,5,5,8
212,13,7,3
213,3,2,1
214,4,7,3
215,9,3,4
216,5,6,3
217,2,4,1
218,4,9,3
219,3,3,1
220,10,4,4
221,2,1,0
222,5,10,4
223,7,6,6
224,4,2,0
225,7,4,5
226,5,5,11
227,9,3,2
228,3,2,0
229,7,10,5
230,4,3,0
231,3,3,0
232,11,5,2
233,7,6,2
234,10,4,6
235,4,5,1
236,12,7,5
237,6,4,2
238,3,3,5
239,2,1,0
240,3,3,1
241,2,1,0
242,10,10,2
243,11,11,5
244,6,8,8
245,7,5,10
246,8,3,7
247,8,4,4
248,3,1,0
249,12,4,3
250,3,2,1
251,10,7,5
252,10,10,7
253,4,6,2
254,4,3,0
255,3,3,0
256,3,3,0
257,9,4,4
258,3,2,0
259,13,6,7
260,6,8,2
261,3,3,1
262,13,7,8
263,5,2,5
264,8,3,4
265,6,6,1
266,9,2,4
267,5,4,1
268,6,7,4
269,4,4,2
270,5,6,1
271,2,2,1
272,2,1,0
273,9,3,7
274,6,4,8
275,3,1,0
276,3,5,1
277,5,6,3
278,3,2,0
279,5,7,1
280,4,2,9
281,3,2,1
282,9,9,5
283,12,6,9
284,4,2,0
285,13,9,3
286,12,10,2
287,3,3,0
288,5,5,3
289,3,2,0
290,2,1,0
291,3,2,0
292,8,10,3
293,7,3,4
294,5,6,3
295,4,2,1
296,4,9,9
297,12,2,2
298,3,1,0
299,3,1,0
300,7,9,3
301,3,3,0
302,4,2,0
303,5,8,2
304,8,4,2
305,10,4,2
306,5,7,2
307,10,7,5
308,10,7,7
309,4,4,6
310,2,1,0
311,5,8,1
312,5,4,6
313,5,6,3
314,6,2,2
315,2,1,0
316,8,10,1
317,6,4,6
318,2,1,1
319,9,5,7
320,4,9,3
321,8,4,2
322,7,8,4
323,4,1,1
324,3,1,1
325,12,5,9
326,3,1,0
327,2,2,0
328,6,2,5
329,8,5,1
330,5,4,2
331,13,4,5
332,4,6,1
333,3,2,0
334,4,5,1
335,2,1,1
336,10,3,5
337,4,3,0
338,4,7,3
339,5,2,3
340,2,1,1
341,9,4,6
342,4,1,1
343,10,7,11
344,5,5,1
345,7,5,6
346,3,2,0
347,3,2,0
348,12,3,3
349,2,2,0
350,6,4,4
351,4,9,5
352,4,2,1
353,3,2,0
354,4,3,0
355,2,2,1
356,5,7,6
357,6,9,3
358,4,1,0
359,3,2,0
360,3,2,1
361,2,1,0
362,5,4,6
363,9,8,4
364,12,11,5
365,6,8,5
366,6,7,1
367,3,3,0
368,3,2,0
369,5,4,4
370,3,2,0
371,2,1,0
372,7,7,4
373,8,11,2
374,9,8,2
375,6,5,6
376,10,6,9
377,2,1,0
378,3,3,0
379,3,2,0
380,8,3,5
381,3,2,1
382,8,2,2
383,9,2,3
384,5,5,6
385,5,4,7
386,4,2,0
387,9,4,5
388,13,6,10
389,8,4,2
390,4,2,0
391,3,2,1
392,9,4,2
393,7,3,5
394,10,5,6
395,12,5,6
396,2,1,0
397,3,1,0
398,10,6,11
399,12,7,6
400,4,1,0
401,8,7,2
402,8,3,4
403,3,3,1
404,6,9,4
405,8,5,5
406,3,2,0
407,11,4,7
408,4,8,9
409,3,2,0
410,4,2,0
411,4,2,0
412,10,3,3
413,2,0,1
414,3,1,0
415,2,1,1
416,6,5,3
417,7,3,3
418,6,5,10
419,4,1,0
420,3,0,0
421,8,8,9
422,7,4,9
423,3,3,1
424,4,2,1
425,5,9,6
426,3,1,0
427,3,1,0
428,2,1,0
429,5,6,1
430,11,4,7
431,3,2,1
432,2,1,0
433,5,5,2
434,3,2,1
435,3,1,0
436,13,5,3
437,2,1,0
438,12,6,3
439,5,6,1
440,2,1,2
441,6,11,1
442,11,7,11
443,3,3,0
444,8,3,2
445,4,2,0
446,3,0,0
447,5,3,4
448,4,5,2
449,4,5,1
450,8,6,2
451,7,6,6
452,9,7,4
453,8,3,4
454,5,5,3
455,9,2,8
456,13,5,10
457,4,2,0
458,8,5,4
459,3,2,0
460,3,2,0
461,3,2,0
462,5,5,2
463,12,5,3
464,5,2,1
465,3,1,0
466,3,1,0
467,6,3,2
468,4,1,0
469,3,2,1
470,8,7,1
471,10,4,7
472,10,5,2
473,2,1,2
474,2,0,1
475,2,1,1
476,9,5,2
477,6,2,4
478,3,4,1
479,8,6,5
480,3,2,0
481,4,1,1
482,4,1,0
483,3,1,0
484,6,6,3
485,2,1,1
486,3,2,0
487,4,3,1
488,10,4,5
489,3,1,0
490,7,10,4
491,8,6,4
492,9,6,7
493,3,2,0
494,3,2,1
495,4,6,3
496,8,8,2
497,12,2,4
498,12,7,5
499,6,1,3
500,2,1,0
501,7,3,2
502,6,2,8
503,4,5,4
504,3,2,1
505,2,3,1
506,2,1,1
507,4,2,0
508,11,8,3
509,6,5,4
510,6,6,3
511,6,3,1
512,3,5,0
513,13,2,3
514,12,6,4
515,2,1,0
516,3,1,0
517,5,6,3
518,3,1,0
519,10,6,3
520,2,3,2
521,2,0,1
522,6,3,3
523,10,3,4
524,11,5,5
525,4,2,1
526,5,4,10
527,6,4,6
528,7,6,1
529,2,1,0
530,9,9,7
531,7,4,6
532,4,1,0
533,3,4,0
534,3,2,0
535,8,9,3
536,10,7,7
537,2,1,0
538,4,4,2
539,2,1,0
540,3,2,0
541,6,6,3
542,3,1,0
543,13,3,7
544,8,7,1
545,7,4,2
546,9,3,2
547,10,10,8
548,4,8,9
549,8,7,5
550,5,3,1
551,6,8,4
552,4,2,0
553,8,2,4
554,11,3,6
555,4,2,1
556,10,2,6
557,9,6,7
558,3,1,0
559,9,8,5
560,4,4,6
561,4,5,4
562,3,1,0
563,5,2,2
564,3,3,0
565,4,2,1
566,4,6,3
567,6,8,6
568,2,1,1
569,5,7,10
570,9,6,7
571,3,3,0
572,2,1,0
573,9,3,4
574,8,4,10
575,3,1,0
576,3,1,0
577,6,5,3
578,8,4,7
579,5,4,1
580,5,6,1
581,4,4,0
582,3,2,5
583,7,5,2
584,6,3,1
585,9,11,6
586,4,4,2
587,3,2,0
588,4,5,8
589,7,3,4
590,12,4,2
591,2,1,0
592,5,6,2
593,4,5,2
594,3,1,0
595,12,5,3
596,7,4,1
597,3,1,0
598,2,1,0
599,3,2,0
600,11,5,3
601,6,7,9
602,10,4,4
603,3,2,1
604,2,1,0
605,3,1,0
606,6,4,4
607,4,5,10
608,7,6,6
609,3,5,1
610,10,4,4
611,8,6,4
612,10,4,4
613,4,3,0
614,5,4,1
615,3,1,0
616,11,7,8
617,4,5,4
618,13,2,9
619,3,1,0
620,8,8,1
621,3,3,1
622,3,3,0
623,5,7,1
624,8,4,1
625,12,6,2
626,3,2,0
627,9,9,6
628,4,2,0
629,4,4,1
630,7,7,3
631,4,3,1
632,9,5,7
633,5,2,4
634,6,7,1
635,6,3,1
636,4,2,0
637,4,2,1
638,5,6,1
639,13,8,9
640,12,2,5
641,7,3,2
642,4,7,1
643,9,2,2
644,9,9,3
645,4,2,3
646,13,5,5
647,7,11,2
648,10,4,9
649,6,6,8
650,10,4,4
651,3,1,0
652,5,4,1
653,10,7,4
654,13,7,3
655,3,3,0
656,9,7,4
657,3,2,0
658,12,2,8
659,8,11,6
660,9,7,5
661,6,5,3
662,5,2,5
663,4,4,0
664,3,3,1
665,2,1,1
666,7,4,3
667,8,5,4
668,2,5,1
669,2,1,0
670,3,1,0
671,5,4,3
672,3,1,1
673,4,3,0
674,3,2,0
675,5,2,1
676,3,2,1
677,5,4,1
678,6,3,1
679,5,5,10
680,9,8,2
681,12,6,8
682,12,4,2
683,8,8,4
684,4,3,2
685,8,5,3
686,3,4,0
687,2,2,1
688,3,3,1
689,8,6,3
690,3,2,0
691,6,4,3
692,4,2,0
693,4,4,0
694,8,4,6
695,3,3,0
696,11,8,5
697,11,7,5
698,7,8,3
699,10,7,4
700,3,2,0
701,4,3,0
702,8,4,6
703,2,2,2
704,2,2,1
705,10,6,3
706,6,3,2
707,6,5,5
708,3,2,0
709,9,2,4
710,2,1,0
711,9,5,7
712,3,3,0
713,12,6,5
714,11,7,6
715,8,3,5
716,8,9,1
717,12,5,5
718,4,2,1
719,2,1,0
720,3,2,1
721,11,7,2
722,9,9,2
723,13,7,6
724,3,1,0
725,7,4,4
726,11,8,2
727,3,2,2
728,4,6,1
729,3,1,0
730,2,3,2
731,13,4,5
732,13,9,3
733,2,3,1
734,13,7,3
735,3,1,0
736,2,1,1
737,3,2,0
738,3,1,0
739,9,9,2
740,6,4,7
741,12,7,3
742,8,5,6
743,4,4,1
744,12,8,3
745,6,10,2
746,4,11,8
747,0,0,0
748,13,2,8
749,12,11,3
750,2,2,2
751,5,7,1
752,8,6,2
753,5,8,2
754,12,7,7
755,5,7,6
756,2,3,2
757,2,1,0
758,4,4,0
759,9,6,2
760,4,2,1
761,3,3,0
762,8,11,2
763,8,5,1
764,2,2,1
765,4,8,5
766,7,10,10
767,11,6,4
768,2,1,1
769,4,3,1
770,5,4,3
771,5,5,1
772,6,4,3
773,4,2,0
774,3,1,0
775,4,4,6
776,13,6,9
777,4,6,1
778,4,6,5
779,11,11,10
780,7,7,4
781,2,3,2
782,4,7,4
783,7,5,10
784,10,8,2
785,6,5,1
786,6,5,9
787,8,5,1
788,4,2,1
789,3,1,1
790,5,3,2
791,4,5,2
792,3,0,0
793,6,4,1
794,8,4,2
795,11,6,7
796,9,7,9
797,3,2,1
798,3,2,1
799,2,2,1
800,1,1,0
801,9,4,6
802,6,4,1
803,2,1,0
804,4,3,1
805,6,4,1
806,6,10,2
807,3,1,1
808,6,7,6
809,2,1,0
810,3,2,0
811,2,1,0
812,5,11,11
813,1,0,0
814,5,5,10
815,12,6,4
816,10,4,5
817,7,8,1
818,3,2,1
819,3,1,0
820,11,3,6
821,3,2,1
822,3,1,0
823,12,5,6
824,2,1,1
825,5,3,3
826,4,3,0
827,4,2,0
828,3,2,1
829,3,7,3
830,6,3,1
831,3,3,0
832,12,5,4
833,12,5,5
834,7,4,4
835,12,6,3
836,8,9,4
837,3,1,1
838,12,7,5
839,6,7,2
840,12,5,10
841,3,2,0
842,5,3,2
843,6,8,3
844,5,1,1
845,3,2,0
846,6,6,1
847,3,1,0
848,4,2,1
849,3,1,1
850,9,7,8
851,10,5,2
852,6,11,1
853,5,7,2
854,6,2,10
855,4,2,0
856,9,3,7
857,8,6,7
858,5,2,11
859,11,9,5
860,10,3,7
861,6,3,1
862,9,2,7
863,3,1,0
864,3,1,0
865,3,1,1
866,3,3,5
867,8,3,2
868,2,2,2
869,9,9,7
870,7,3,1
871,13,3,2
872,10,5,4
873,7,4,5
874,6,8,1
875,9,6,9
876,13,4,7
877,4,3,0
878,12,5,7
879,4,3,1
880,5,3,10
881,4,10,5
882,4,3,0
883,5,10,3
884,8,9,6
885,12,7,6
886,8,2,2
887,13,6,5
888,9,3,11
889,8,8,1
890,2,4,1
891,5,7,1
892,4,4,8
893,3,1,0
894,4,1,1
895,4,2,1
896,4,1,1
897,9,6,2
898,11,8,4
899,4,2,0
900,11,7,6
901,4,3,1
902,7,6,6
903,6,8,2
904,11,6,3
905,12,10,3
906,5,4,8
907,5,4,3
908,3,1,0
909,3,1,0
910,2,1,0
911,2,1,0
912,9,4,2
913,5,5,10
914,2,2,2
915,13,8,5
916,2,1,0
917,2,3,0
918,10,7,7
919,3,1,0
920,3,4,1
921,8,5,1
922,4,3,0
923,3,1,0
924,3,2,0
925,13,11,5
926,12,5,2
927,3,3,0
928,3,1,0
929,6,4,1
930,9,2,4
931,12,10,4
932,9,7,7
933,5,4,2
934,4,2,1
935,4,2,11
936,5,5,1
937,9,4,6
938,4,1,1
939,8,11,1
940,2,3,1
941,13,7,5
942,4,4,5
943,3,1,0
944,3,1,0
945,3,2,2
946,4,2,1
947,3,0,0
948,11,5,9
949,3,4,5
950,5,4,2
951,7,10,6
952,2,3,1
953,10,4,4
954,2,2,0
955,4,4,1
956,11,2,7
957,2,2,0
958,3,1,0
959,11,6,6
960,4,6,6
961,3,1,0
962,13,6,4
963,7,7,1
964,3,3,0
965,5,5,5
966,5,5,4
967,8,4,4
968,6,5,7
969,5,7,6
970,3,2,1
971,11,4,10
972,8,9,4
973,3,1,0
974,12,4,3
975,13,4,9
976,3,2,0
977,3,2,0
978,12,6,3
979,7,3,5
980,3,1,0
981,6,6,2
982,4,4,0
983,2,1,0
984,2,1,0
985,5,4,3
986,9,7,4
987,5,8,8
988,6,9,4
989,7,8,2
990,5,10,7
991,3,2,1
992,3,1,0
993,3,1,0
994,3,1,1
995,8,10,2
996,3,2,1
997,4,1,0
998,3,2,0
999,4,4,2
1000,3,1,0
1001,3,1,0
1002,4,1,0
1003,3,8,5
1004,5,6,9
1005,4,2,1
1006,4,3,2
1007,3,3,1
1008,2,1,1
1009,5,5,1
1010,4,3,0
1011,13,7,3
1012,2,2,1
1013,5,4,6
1014,9,6,4
1015,3,1,0
1016,4,2,0
1017,4,2,0
1018,4,3,1
1019,6,5,3
1020,3,0,0
1021,7,3,6
1022,7,3,6
1023,4,6,3
1024,3,1,0
1025,3,3,0
1026,10,3,4
1027,6,7,1
1028,2,3,1
1029,0,0,28
1030,5,5,8
1031,5,6,2
1032,3,1,0
1033,4,1,1
1034,13,9,7
1035,7,10,6
1036,2,1,0
1037,4,4,1
1038,8,9,2
1039,6,5,2
1040,12,4,7
1041,3,2,0
1042,4,2,1
1043,12,9,6
1044,4,4,1
1045,5,6,1
1046,2,1,0
1047,6,5,2
1048,8,7,1
1049,4,6,9
1050,4,8,10
1051,3,2,0
1052,3,3,2
1053,11,7,2
1054,5,7,8
1055,5,3,5
1056,6,7,6
1057,5,4,2
1058,4,4,6
1059,10,7,2
1060,6,7,5
1061,2,1,0
1062,3,2,0
1063,10,9,2
1064,9,9,2
1065,12,8,7
1066,3,1,0
1067,5,6,1
1068,2,1,1
1069,9,4,2
1070,10,10,3
1071,8,5,4
1072,6,3,1
1073,3,4,0
1074,6,3,1
1075,7,5,1
1076,3,2,0
1077,4,9,10
1078,7,4,5
1079,3,1,0
1080,11,6,9
1081,3,2,0
1082,12,7,7
1083,3,1,0
1084,4,2,1
1085,6,5,11
1086,6,7,10
1087,5,1,1
1088,4,3,0
1089,3,1,0
1090,4,2,0
1091,2,1,2
1092,6,5,2
1093,3,1,0
1094,3,2,0
1095,13,10,4
1096,5,6,2
1097,9,9,2
1098,4,3,2
1099,3,2,0
1100,7,7,1
1101,13,4,5
1102,4,2,0
1103,4,1,0
1104,2,1,0
1105,3,3,1
1106,10,5,6
1107,5,5,5
1108,13,3,5
1109,4,2,0
1110,6,6,3
1111,8,10,3
1112,2,1,0
1113,10,7,3
1114,7,5,6
1115,8,6,3
1116,4,4,1
1117,3,1,0
1118,6,6,1
1119,10,4,4
1120,7,7,4
1121,5,3,2
1122,6,4,4
1123,0,1,0
1124,2,1,0
1125,8,3,4
1126,5,4,1
1127,3,2,0
1128,8,7,5
1129,3,3,1
1130,5,4,1
1131,4,5,0
1132,8,4,3
1133,4,6,1
1134,5,3,1
1135,3,1,0
1136,6,3,1
1137,3,2,1
1138,3,2,0
1139,4,2,1
1140,4,1,0
1141,11,10,2
1142,4,5,1
1143,5,6,2
1144,10,5,8
1145,2,1,2
1146,7,5,6
1147,11,7,8
1148,13,6,3
1149,8,5,5
1150,4,11,3
1151,6,5,8
1152,12,6,5
1153,6,8,1
1154,3,2,1
1155,3,1,1
1156,2,1,0
1157,8,4,2
1158,5,6,1
1159,5,5,3
1160,2,0,1
1161,2,1,1
1162,4,4,0
1163,11,8,7
1164,4,2,0
1165,8,3,3
1166,3,3,0
1167,9,6,6
1168,3,2,0
1169,12,6,7
1170,3,2,1
1171,3,1,0
1172,3,2,0
1173,2,1,1
1174,7,8,1
1175,4,5,0
1176,10,9,5
1177,1,23,1
1178,8,3,5
1179,8,3,11
1180,11,9,7
1181,8,11,2
1182,7,4,1
1183,7,7,2
1184,13,3,10
1185,10,3,2
1186,8,3,10
1187,4,2,0
1188,3,2,0
1189,6,8,10
1190,5,6,3
1191,2,1,1
1192,4,3,1
1193,10,4,3
1194,5,11,6
1195,4,6,8
1196,12,5,5
1197,4,2,0
1198,13,10,3
1199,10,6,6
1200,6,2,8
1201,4,2,0
1202,3,1,0
1203,7,6,9
1204,3,1,0
1205,6,8,4
1206,2,1,1
1207,4,2,0
1208,7,7,1
1209,3,2,0
1210,4,5,2
1211,8,4,3
1212,2,2,2
1213,3,1,0
1214,3,3,0
1215,11,5,2
1216,3,2,1
1217,3,3,0
1218,6,4,1
1219,10,6,4
1220,7,7,5
1221,13,4,6
1222,9,4,7
1223,5,5,6
1224,3,1,0
1225,7,1,8
1226,3,2,0
1227,3,2,0
1228,8,11,5
1229,6,4,5
1230,12,6,4
1231,3,2,0
1232,11,5,6
1233,4,2,1
1234,4,2,0
1235,2,3,2
1236,5,6,2
1237,3,2,1
1238,4,1,1
1239,3,2,0
1240,2,1,0
1241,8,7,3
1242,9,4,6
1243,2,1,0
1244,3,2,0
1245,4,3,6
1246,9,11,4
1247,12,5,2
1248,3,2,0
1249,7,9,1
1250,6,9,4
1251,10,5,2
1252,3,3,0
1253,8,8,4
1254,8,3,3
1255,3,1,0
1256,3,2,0
1257,7,3,4
1258,4,2,1
1259,3,1,0
1260,9,3,4
1261,5,7,2
1262,12,11,2
1263,4,3,1
1264,3,3,0
1265,4,3,0
1266,3,0,0
1267,3,1,0
1268,3,3,1
1269,13,8,3
1270,4,2,0
1271,11,6,2
1272,4,7,3
1273,5,6,3
1274,7,10,3
1275,3,1,0
1276,11,4,5
1277,3,2,0
1278,2,1,0
1279,6,5,3
1280,3,1,0
1281,2,2,1
1282,6,3,2
1283,8,7,6
1284,5,5,1
1285,2,1,0
1286,11,3,6
1287,3,3,0
1288,3,4,0
1289,0,0,0
1290,3,3,0
1291,3,1,0
1292,7,3,1
1293,8,4,2
1294,5,7,3
1295,6,4,1
1296,3,2,0
1297,8,8,1
1298,6,10,4
1299,10,6,4
1300,4,3,10
1301,12,6,3
1302,3,2,1
1303,5,5,1
1304,4,8,3
1305,5,7,10
1306,3,3,2
1307,2,2,1
1308,11,9,11
1309,3,2,0
1310,2,1,1
1311,2,1,0
1312,10,2,5
1313,5,4,1
1314,5,6,10
1315,13,10,5
1316,9,4,10
1317,3,2,0
1318,6,9,3
1319,12,7,3
1320,10,2,10
1321,8,3,2
1322,2,3,1
1323,12,5,3
1324,2,3,1
1325,4,3,0
1326,5,3,1
1327,13,2,5
1328,4,6,1
1329,12,11,9
1330,3,2,0
1331,8,4,2
1332,2,2,1
1333,8,3,10
1334,11,8,5
1335,4,8,5
1336,12,9,6
1337,3,0,0
1338,10,10,5
1339,10,3,5
1340,5,5,2
1341,6,9,5
1342,6,2,3
1343,4,2,1
1344,2,1,0
1345,13,6,4
1346,2,5,1
1347,10,4,7
1348,10,8,2
1349,3,2,0
1350,2,1,1
1351,10,2,4
1352,3,0,0
1353,5,4,8
1354,3,1,1
1355,6,5,3
1356,4,2,0
1357,6,7,4
1358,9,7,2
1359,3,3,1
1360,2,1,0
1361,13,2,3
1362,10,4,7
1363,4,2,1
1364,4,4,6
1365,2,1,0
1366,2,2,0
1367,12,3,5
1368,3,3,1
1369,7,8,1
1370,3,3,0
1371,11,6,5
1372,3,1,0
1373,3,1,1
1374,4,1,1
1375,12,6,6
1376,5,4,7
1377,3,3,1
1378,6,3,4
1379,3,2,0
1380,6,4,1
1381,4,8,2
1382,6,10,1
1383,6,11,4
1384,7,7,1
1385,3,2,1
1386,12,5,8
1387,9,7,2
1388,4,5,1
1389,6,4,1
1390,3,1,0
1391,4,3,1
1392,3,2,0
1393,7,5,1
1394,5,3,1
1395,8,3,7
1396,5,7,4
1397,4,1,0
1398,12,2,10
1399,3,1,0
1400,10,6,4
1401,4,3,8
1402,3,3,0
1403,4,10,2
1404,10,5,4
1405,4,2,1
1406,13,5,3
1407,4,6,1
1408,5,2,1
1409,9,5,8
1410,2,1,1
1411,4,3,1
1412,3,2,1
1413,4,3,0
1414,4,4,1
1415,8,2,1
1416,2,2,1
1417,3,2,0
1418,3,1,0
1419,5,6,3
1420,6,5,1
1421,5,2,1
1422,2,2,2
1423,5,5,11
1424,4,2,0
1425,3,2,0
1426,10,5,7
1427,12,5,3
1428,2,1,1
1429,3,1,1
1430,12,5,3
1431,4,4,1
1432,5,11,8
1433,10,6,2
1434,5,1,3
1435,7,4,4
1436,10,7,2
1437,2,2,1
1438,4,9,1
1439,4,3,0
1440,4,3,1
1441,3,0,0
1442,3,1,0
1443,7,10,4
1444,5,7,1
1445,11,5,2
1446,8,4,6
1447,5,3,3
1448,7,8,7
1449,3,3,0
1450,3,5,3
1451,13,2,9
1452,11,3,7
1453,6,8,3
1454,6,6,10
1455,7,4,1
1456,13,4,8
1457,13,6,4
1458,3,2,1
1459,4,4,7
1460,3,0,0
1461,2,3,1
1462,8,10,4
1463,10,11,2
1464,6,3,1
1465,3,3,0
1466,10,3,2
1467,3,1,1
1468,3,1,0
1469,5,3,2
1470,13,3,9
1471,4,4,3
1472,11,11,5
1473,9,3,4
1474,6,8,1
1475,3,0,0
1476,2,2,2
1477,5,5,6
1478,4,2,0
1479,3,2,0
1480,5,5,4
1481,7,3,4
1482,4,2,1
1483,10,3,2
1484,5,3,3
1485,3,2,1
1486,3,0,0
1487,2,1,1
1488,3,2,0
1489,6,6,4
1490,6,4,3
1491,5,5,1
1492,8,9,2
1493,3,1,0
1494,4,2,1
1495,5,4,2
1496,2,1,1
1497,3,2,0
1498,12,6,2
1499,3,4,1
1500,3,4,1
1501,3,1,0
1502,7,5,6
1503,5,6,1
1504,3,4,1
1505,4,3,0
1506,9,4,4
1507,3,1,0
1508,8,4,1
1509,4,3,1
1510,3,2,2
1511,3,4,4
1512,3,2,0
1513,7,7,3
1514,2,1,0
1515,10,6,5
1516,2,1,0
1517,5,8,2
1518,4,3,0
1519,7,10,4
1520,7,5,6
1521,8,5,6
1522,2,1,1
1523,2,6,2
1524,2,0,1
1525,6,7,3
1526,6,8,2
1527,5,4,1
1528,12,3,6
1529,2,1,1
1530,8,7,5
1531,5,4,2
1532,4,2,0
1533,3,2,0
1534,3,2,0
1535,4,2,0
1536,3,0,0
1537,4,6,3
1538,3,1,0
1539,2,3,1
1540,2,1,0
1541,2,1,1
1542,3,1,0
1543,4,9,0
1544,10,8,4
1545,3,1,0
1546,3,4,0
1547,6,6,2
1548,13,6,5
1549,7,3,10
1550,4,2,0
1551,10,2,4
1552,3,1,0
1553,7,6,4
1554,7,2,1
1555,2,1,0
1556,8,10,2
1557,7,2,7
1558,3,3,1
1559,5,8,6
1560,11,7,6
1561,3,2,0
1562,10,4,2
1563,10,4,3
1564,3,3,0
1565,3,1,0
1566,12,4,5
1567,3,1,0
1568,11,6,8
1569,2,1,0
1570,3,2,0
1571,8,2,3
1572,10,5,7
1573,5,4,1
1574,3,2,1
1575,4,5,6
1576,8,11,8
1577,3,2,0
1578,4,3,1
1579,10,7,4
1580,3,2,0
1581,10,2,5
1582,2,1,1
1583,2,1,0
1584,9,3,5
1585,6,5,1
1586,3,4,1
1587,9,4,2
1588,7,6,1
1589,7,3,1
1590,4,3,1
1591,4,7,2
1592,3,2,0
1593,5,9,2
1594,4,3,0
1595,11,8,4
1596,7,8,2
1597,5,6,1
1598,4,3,1
1599,5,5,1
1600,7,7,3
1601,5,3,11
1602,6,4,1
1603,9,5,4
1604,3,0,0
1605,12,11,2
1606,7,6,7
1607,10,8,5
1608,10,11,4
1609,6,9,6
1610,4,2,0
1611,12,5,2
1612,4,4,1
1613,10,6,5
1614,3,1,0
1615,2,1,1
1616,5,6,3
1617,3,2,0
1618,11,5,5
1619,7,6,2
1620,2,3,1
1621,3,0,0
1622,10,10,7
1623,10,5,7
1624,3,3,0
1625,12,2,8
1626,5,5,11
1627,4,4,1
1628,2,1,1
1629,3,7,4
1630,8,3,1
1631,7,3,3
1632,9,4,2
1633,2,1,1
1634,4,2,0
1635,6,5,9
1636,10,7,8
1637,12,4,4
1638,12,9,2
1639,5,4,6
1640,3,2,0
1641,6,4,3
1642,12,5,7
1643,13,6,3
1644,2,1,0
1645,6,5,1
1646,6,6,4
1647,3,2,0
1648,5,8,6
1649,5,8,10
1650,4,2,1
1651,8,6,2
1652,9,6,3
1653,6,6,1
1654,12,8,3
1655,9,10,6
1656,3,1,0
1657,9,4,8
1658,6,9,4
1659,9,6,7
1660,3,0,0
1661,12,5,5
1662,4,5,9
1663,2,2,1
1664,3,0,0
1665,7,4,11
1666,8,4,5
1667,0,1,0
1668,13,4,9
1669,3,1,0
1670,10,6,2
1671,3,1,0
1672,11,6,5
1673,4,5,5
1674,5,4,2
1675,7,9,1
1676,5,11,3
1677,10,11,10
1678,6,6,3
1679,10,4,2
1680,6,5,1
1681,2,1,0
1682,6,6,6
1683,4,3,1
1684,4,2,1
1685,4,2,0
1686,3,2,6
1687,11,5,2
1688,9,10,4
1689,7,9,5
1690,3,1,0
1691,6,4,3
1692,3,3,1
1693,8,4,6
1694,6,2,1
1695,3,3,1
1696,8,5,4
1697,7,3,4
1698,8,9,2
1699,5,5,1
1700,13,3,8
1701,5,6,3
1702,10,9,7
1703,3,0,0
1704,9,3,9
1705,2,1,0
1706,3,0,0
1707,13,7,5
1708,8,7,6
1709,4,4,0
1710,2,2,2
1711,3,2,0
1712,4,4,5
1713,13,3,3
1714,9,7,2
1715,6,4,2
1716,3,1,0
1717,3,1,0
1718,6,3,4
1719,3,3,1
1720,10,9,4
1721,4,5,1
1722,3,2,0
1723,5,5,2
1724,4,2,0
1725,3,1,1
1726,6,5,4
1727,8,7,2
1728,12,6,2
1729,3,4,2
1730,2,3,2
1731,3,2,1
1732,11,4,2
1733,7,11,3
1734,13,7,4
1735,2,1,0
1736,4,2,0
1737,7,8,2
1738,3,3,0
1739,3,3,0
1740,2,2,2
1741,8,11,8
1742,5,10,3
1743,5,5,1
1744,13,8,3
1745,4,11,3
1746,8,3,3
1747,12,2,2
1748,12,9,4
1749,4,2,0
1750,3,0,0
1751,13,6,6
1752,4,4,1
1753,3,2,0
1754,12,6,5
1755,3,3,3
1756,10,6,8
1757,3,3,1
1758,3,4,2
1759,13,6,8
1760,0,0,0
1761,12,2,2
1762,6,4,6
1763,4,6,4
1764,6,3,3
1765,5,4,7
1766,2,1,0
1767,7,6,1
1768,6,1,1
1769,8,4,4
1770,8,7,1
1771,2,3,1
1772,5,9,3
1773,4,8,5
1774,2,4,1
1775,13,6,3
1776,9,9,4
1777,3,2,1
1778,2,3,2
1779,2,1,0
1780,4,3,0
1781,3,3,1
1782,9,5,7
1783,12,9,2
1784,2,1,0
1785,2,2,0
1786,2,2,1
1787,6,6,3
1788,5,7,10
1789,10,5,4
1790,13,5,3
1791,5,5,11
1792,2,1,0
1793,4,8,2
1794,12,3,5
1795,12,6,7
1796,4,5,7
1797,3,0,0
1798,11,5,2
1799,3,1,0
1800,7,7,4
1801,12,4,5
1802,7,8,4
1803,6,4,1
1804,9,11,5
1805,7,8,4
1806,5,5,5
1807,3,1,0
1808,8,4,4
1809,8,8,2
1810,3,1,0
1811,3,1,0
1812,7,3,2
1813,3,2,0
1814,6,10,4
1815,2,1,0
1816,4,2,0
1817,8,3,3
1818,2,1,0
1819,3,3,1
1820,3,3,0
1821,3,1,0
1822,7,5,5
1823,13,2,8
1824,13,6,3
1825,8,6,2
1826,0,25,0
1827,4,5,1
1828,5,9,10
1829,11,3,4
1830,5,4,2
1831,5,2,2
1832,8,3,6
1833,3,1,0
1834,2,3,1
1835,3,1,0
1836,2,1,0
1837,5,6,1
1838,9,5,2
1839,3,3,0
1840,2,1,0
1841,10,5,5
1842,3,1,0
1843,5,4,8
1844,3,3,1
1845,2,1,0
1846,3,0,0
1847,3,1,0
1848,3,3,0
1849,12,4,6
1850,3,4,2
1851,9,4,4
1852,4,4,3
1853,3,1,0
1854,7,5,4
1855,5,5,3
1856,4,1,0
1857,9,6,2
1858,3,2,1
1859,9,6,4
1860,5,3,2
1861,2,3,1
1862,6,11,1
1863,5,3,2
1864,8,4,4
1865,9,6,7
1866,4,6,2
1867,3,0,0
1868,4,3,0
1869,7,3,4
1870,7,2,2
1871,3,3,0
1872,6,2,3
1873,5,2,11
1874,2,1,0
1875,6,3,6
1876,3,3,0
1877,12,3,8
1878,7,4,1
1879,6,6,1
1880,3,1,0
1881,4,6,7
1882,4,7,3
1883,12,5,2
1884,8,5,10
1885,10,4,8
1886,4,4,1
1887,3,2,0
1888,3,2,0
1889,4,1,1
1890,4,3,0
1891,7,7,3
1892,3,1,0
1893,8,4,2
1894,3,3,0
1895,4,4,1
1896,3,2,1
1897,6,3,5
1898,2,3,2
1899,4,8,2
1900,5,9,1
1901,10,3,2
1902,5,6,9
1903,5,9,3
1904,7,3,8
1905,10,11,2
1906,3,3,0
1907,2,1,0
1908,2,1,1
1909,3,3,0
1910,12,7,8
1911,7,7,1
1912,9,6,2
1913,3,1,0
1914,2,1,0
1915,12,3,6
1916,3,6,6
1917,5,6,9
1918,3,2,0
1919,5,4,2
1920,0,0,1
1921,2,3,1
1922,2,1,0
1923,12,3,5
1924,13,4,7
1925,3,1,0
1926,3,2,0
1927,2,1,0
1928,3,1,1
1929,3,2,1
1930,13,6,5
1931,5,4,1
1932,4,3,0
1933,6,6,1
1934,13,8,3
1935,3,2,0
1936,3,1,0
1937,8,4,3
1938,8,7,1
1939,3,2,0
1940,8,4,1
1941,3,1,0
1942,7,9,5
1943,9,1,2
1944,10,3,4
1945,4,9,3
1946,6,4,3
1947,6,8,4
1948,5,5,10
1949,2,1,0
1950,3,1,0
1951,11,3,10
1952,7,7,1
1953,4,5,6
1954,8,5,5
1955,8,3,1
1956,4,3,6
1957,13,3,5
1958,4,2,0
1959,6,8,8
1960,3,7,2
1961,6,4,3
1962,13,6,3
1963,4,5,4
1964,11,4,6
1965,4,3,0
1966,3,2,0
1967,3,1,0
1968,3,3,0
1969,6,2,8
1970,3,3,1
1971,2,1,0
1972,3,1,0
1973,4,5,2
1974,10,6,3
1975,10,3,4
1976,6,3,6
1977,10,3,4
1978,5,3,3
1979,3,1,0
1980,4,4,9
1981,3,1,0
1982,3,2,0
1983,7,2,1
1984,3,2,0
1985,8,11,6
1986,0,0,0
1987,8,5,6
1988,3,2,1
1989,3,4,0
1990,2,1,0
1991,4,6,2
1992,7,5,4
1993,3,1,0
1994,3,2,1
1995,4,2,1
