Customer_ID,Wines_Products,Fruits_Products,Meat_Products,Fish_Products,Sweet_Products
1,239,10,554,254,87
2,464,5,64,7,0
3,57,0,27,0,0
4,19,0,5,0,0
5,637,47,237,12,19
6,43,12,23,29,15
7,185,2,88,15,5
8,18,2,19,0,2
9,460,35,422,33,12
10,32,1,64,16,12
11,136,1,12,0,3
12,2,3,6,4,1
13,509,0,65,7,11
14,68,0,16,0,0
15,14,0,3,0,0
16,34,11,137,179,61
17,15,0,11,0,2
18,0,7,5,26,2
19,5,9,20,6,8
20,5,7,24,19,14
21,11,0,7,3,1
22,275,11,68,25,7
23,544,35,133,23,151
24,215,7,33,3,0
25,466,0,224,119,49
26,760,53,400,17,93
27,19,3,6,4,2
28,345,53,528,98,75
29,206,0,46,3,2
30,656,80,455,52,107
31,90,38,67,33,36
32,478,0,193,110,75
33,284,0,55,0,6
34,0,0,2,3,3
35,23,0,11,3,2
36,125,17,52,3,19
37,219,3,60,12,9
38,332,194,377,149,125
39,1288,20,613,80,61
40,35,0,11,0,0
41,556,14,717,210,0
42,138,3,38,4,0
43,24,0,7,0,0
44,279,83,88,32,14
45,1,2,8,4,3
46,28,23,29,29,14
47,515,47,181,149,95
48,901,31,345,75,31
49,199,9,57,20,21
50,172,10,125,21,13
51,123,133,142,71,44
52,399,4,30,6,4
53,17,0,2,0,0
54,952,12,180,47,12
55,56,19,29,2,14
56,777,30,163,0,51
57,154,0,50,6,11
58,130,0,16,0,0
59,9,3,15,2,3
60,95,11,35,0,4
61,182,74,298,162,149
62,493,70,324,146,40
63,19,3,19,4,5
64,918,21,118,13,10
65,330,5,159,36,27
66,901,61,757,186,163
67,29,1,11,0,0
68,235,6,45,8,9
69,198,2,43,0,12
70,462,0,24,6,0
71,158,35,179,0,0
72,229,27,71,13,3
73,373,14,83,6,9
74,5,1,7,2,1
75,47,90,94,123,103
76,91,65,52,10,44
77,516,56,449,86,33
78,283,112,151,51,72
79,1170,48,320,42,32
80,6,16,11,11,1
81,315,0,31,4,0
82,374,64,116,84,25
83,534,5,47,0,5
84,294,142,218,164,58
85,308,85,137,102,45
86,67,15,80,17,11
87,9,0,7,2,0
88,27,0,12,0,1
89,824,32,162,42,32
90,102,9,63,2,9
91,1,11,5,4,6
92,792,86,740,67,51
93,388,14,218,91,14
94,1060,61,835,80,20
95,434,137,400,45,137
96,25,0,22,2,3
97,908,43,735,40,194
98,13,1,29,3,0
99,3,3,7,6,2
100,174,77,203,6,24
101,23,0,26,7,15
102,2,23,11,8,6
103,267,38,701,149,165
104,941,14,397,76,58
105,163,23,424,27,65
106,31,9,27,16,9
107,398,61,265,138,61
108,243,131,217,85,6
109,746,8,125,11,8
110,704,129,853,120,74
111,14,36,11,3,26
112,9,1,7,0,3
113,816,66,549,216,66
114,293,35,179,46,59
115,6,1,2,2,0
116,302,29,131,32,0
117,349,4,78,6,0
118,65,36,74,38,20
119,422,7,238,69,46
120,6,4,1,7,2
121,22,2,12,0,2
122,464,5,64,7,0
123,356,80,329,138,17
124,59,0,12,0,0
125,1,3,2,20,30
126,40,2,15,8,0
127,146,0,93,7,13
128,13,4,20,0,0
129,4,2,5,0,0
130,972,59,913,25,19
131,707,21,250,85,43
132,162,61,83,97,57
133,787,20,204,0,0
134,141,15,153,67,31
135,529,0,356,63,28
136,18,3,19,3,3
137,1493,86,454,112,43
138,48,13,57,24,15
139,46,7,59,2,4
140,588,7,76,110,15
141,340,21,134,258,14
142,135,9,39,4,0
143,379,4,93,12,9
144,18,3,17,3,0
145,584,44,212,46,8
146,2,0,6,8,6
147,23,1,6,0,0
148,12,0,5,0,0
149,167,2,89,0,0
150,151,81,86,168,91
151,508,124,249,50,38
152,962,61,921,52,61
153,784,48,560,42,176
154,561,14,113,10,14
155,56,0,14,0,0
156,63,6,57,13,13
157,97,4,44,6,1
158,303,0,280,60,147
159,320,48,133,39,72
160,381,28,215,84,28
161,306,5,109,21,109
162,54,0,7,0,0
163,1099,0,45,0,0
164,411,0,26,0,0
165,6,0,2,2,0
166,410,16,114,0,5
167,38,15,54,3,8
168,224,12,48,4,12
169,7,17,18,6,10
170,254,6,71,4,0
171,20,3,4,2,0
172,16,2,11,3,0
173,9,0,6,4,1
174,51,1,7,2,1
175,158,11,99,15,11
176,139,13,78,20,13
177,121,103,69,8,44
178,87,3,25,3,2
179,45,47,52,21,20
180,4,7,7,6,4
181,3,3,24,34,7
182,167,2,44,6,2
183,133,27,421,13,195
184,235,65,164,50,49
185,538,13,91,17,6
186,342,9,112,19,14
187,112,19,21,16,14
188,178,4,26,8,4
189,200,19,111,50,15
190,6,10,21,19,14
191,110,29,92,28,10
192,410,0,592,147,22
193,490,44,125,29,20
194,505,72,270,36,27
195,728,17,133,11,8
196,41,0,17,3,1
197,523,7,134,37,14
198,41,1,6,2,0
199,350,60,568,110,133
200,200,5,44,0,10
201,22,0,13,0,0
202,600,20,350,29,30
203,322,3,50,4,3
204,299,5,201,21,21
205,112,10,107,30,0
206,63,3,67,8,9
207,14,10,13,4,15
208,656,38,161,62,47
209,29,0,8,2,0
210,22,1,11,0,5
211,557,129,984,193,37
212,532,88,168,69,44
213,70,0,17,0,0
214,258,105,239,237,172
215,1000,0,76,0,0
216,733,9,180,12,19
217,16,14,36,37,22
218,269,129,495,182,43
219,24,4,22,0,2
220,1486,55,278,49,0
221,6,0,5,0,0
222,544,13,85,8,6
223,938,19,843,25,95
224,85,0,3,0,0
225,398,190,537,61,156
226,1050,14,322,0,14
227,208,7,82,30,66
228,7,10,13,3,11
229,520,8,223,32,49
230,102,1,15,2,0
231,9,4,17,10,2
232,124,83,267,85,59
233,239,13,143,45,4
234,322,53,899,34,40
235,50,15,110,39,15
236,979,44,935,29,25
237,1200,105,758,0,42
238,88,39,54,64,28
239,2,6,4,3,1
240,80,3,26,4,2
241,9,1,4,3,2
242,554,41,215,11,0
243,1253,0,447,23,71
244,384,25,292,130,41
245,690,117,499,76,102
246,483,84,398,205,84
247,587,54,348,71,54
248,13,3,8,7,4
249,977,12,253,16,12
250,34,6,21,11,4
251,664,58,83,32,0
252,434,22,388,104,22
253,152,9,121,12,12
254,27,5,8,8,3
255,22,2,18,0,2
256,23,3,21,3,19
257,261,42,144,55,48
258,12,6,20,30,1
259,551,137,792,179,103
260,368,24,68,38,0
261,85,7,24,2,3
262,962,12,194,16,24
263,856,59,487,58,29
264,1076,68,103,29,91
265,33,87,64,175,16
266,123,164,266,227,30
267,182,4,33,0,0
268,284,16,160,84,16
269,154,2,46,20,4
270,172,3,115,16,0
271,6,4,14,8,8
272,10,0,1,0,0
273,407,114,445,181,165
274,496,36,460,189,60
275,8,4,15,3,5
276,51,23,82,33,0
277,280,7,81,20,0
278,4,12,5,3,16
279,270,3,27,39,6
280,204,34,204,172,153
281,18,6,15,12,8
282,367,17,241,104,188
283,387,68,569,89,45
284,21,12,12,0,3
285,735,40,183,52,20
286,265,199,303,234,9
287,8,3,19,3,3
288,666,35,124,69,8
289,17,1,12,3,1
290,8,2,5,3,0
291,53,1,5,2,1
292,675,0,85,10,7
293,162,33,124,40,28
294,268,11,88,15,3
295,48,9,45,3,15
296,152,27,103,106,54
297,600,21,128,223,150
298,11,2,7,4,2
299,3,9,13,2,12
300,379,6,157,25,91
301,38,4,22,3,3
302,69,2,15,2,2
303,709,45,115,30,160
304,347,0,35,4,3
305,741,68,689,224,68
306,120,19,206,25,19
307,966,168,672,246,105
308,664,9,240,50,19
309,558,79,622,207,175
310,2,0,8,2,2
311,171,7,171,25,19
312,547,99,812,151,82
313,292,3,77,10,3
314,184,2,19,8,8
315,3,1,8,4,3
316,577,0,64,0,0
317,292,51,981,224,23
318,15,0,8,4,2
319,408,61,109,48,122
320,354,21,311,167,75
321,162,50,100,55,30
322,890,63,292,0,25
323,66,0,16,0,6
324,4,9,12,11,2
325,779,86,537,34,69
326,16,3,15,2,1
327,20,2,14,3,0
328,1459,0,61,0,15
329,204,7,149,20,15
330,213,2,44,0,2
331,796,14,590,38,44
332,154,20,66,0,12
333,9,4,18,7,5
334,80,15,93,20,13
335,3,9,15,13,2
336,1043,24,97,32,24
337,59,0,11,4,2
338,760,38,104,50,9
339,273,86,208,177,14
340,9,7,13,3,2
341,714,76,395,116,0
342,30,11,25,29,1
343,1259,172,815,97,148
344,100,2,128,23,7
345,1074,37,518,193,92
346,5,6,15,11,7
347,2,2,11,41,7
348,412,5,119,38,29
349,25,0,8,0,1
350,189,104,379,111,189
351,1148,0,60,0,0
352,68,8,18,19,8
353,30,5,23,4,1
354,56,7,48,10,2
355,46,0,12,0,2
356,721,111,925,97,18
357,652,48,350,94,84
358,32,0,8,23,4
359,4,6,8,6,3
360,81,0,6,0,0
361,11,1,4,2,0
362,667,50,850,21,83
363,965,69,279,54,41
364,595,97,291,127,133
365,794,115,243,150,0
366,188,3,180,20,3
367,44,4,21,6,0
368,46,1,12,3,0
369,399,27,159,58,8
370,35,3,20,4,1
371,1,3,4,2,2
372,711,36,217,172,96
373,228,122,122,208,129
374,582,0,65,0,0
375,446,107,768,33,196
376,684,100,801,21,66
377,5,1,5,10,0
378,63,0,21,7,0
379,1,10,11,19,3
380,965,34,586,89,86
381,78,0,11,0,0
382,522,0,257,32,16
383,867,0,86,0,0
384,587,51,932,180,34
385,619,54,260,127,54
386,22,3,30,0,5
387,372,23,384,250,12
388,563,76,384,84,192
389,243,11,119,10,3
390,78,0,11,0,0
391,70,0,11,2,8
392,896,10,101,13,10
393,377,10,540,80,30
394,450,26,535,73,98
395,997,15,414,99,30
396,11,0,5,0,0
397,0,6,3,7,6
398,448,71,951,40,17
399,1006,22,115,59,68
400,54,0,10,0,0
401,166,75,96,119,107
402,194,61,480,225,112
403,35,3,67,10,8
404,1063,89,102,16,12
405,263,5,233,69,41
406,3,1,10,3,2
407,736,63,946,219,189
408,860,28,409,73,56
409,15,0,12,7,3
410,27,0,10,0,0
411,15,8,16,11,5
412,256,34,103,90,29
413,12,1,3,0,0
414,13,6,7,0,3
415,11,1,6,2,1
416,1218,16,272,104,0
417,353,61,753,40,46
418,938,142,754,159,81
419,44,2,11,2,3
420,11,1,2,2,1
421,1215,33,249,64,116
422,510,120,550,156,40
423,27,2,14,0,0
424,57,2,51,4,2
425,627,120,414,121,80
426,17,0,3,0,0
427,8,4,15,7,6
428,4,1,5,2,0
429,202,5,74,11,5
430,430,16,322,43,24
431,4,17,19,30,24
432,4,3,7,0,3
433,213,9,76,4,3
434,64,1,21,0,1
435,5,4,8,2,0
436,539,30,92,80,46
437,3,2,11,2,2
438,625,7,99,10,22
439,110,5,137,26,23
440,10,0,11,17,29
441,508,11,59,23,5
442,625,38,242,50,34
443,9,1,24,2,1
444,623,53,178,23,17
445,39,1,22,3,4
446,8,0,5,0,3
447,778,44,499,95,73
448,177,2,71,3,2
449,173,4,30,3,6
450,376,4,94,12,9
451,823,25,459,124,29
452,490,0,184,10,28
453,364,40,425,158,60
454,362,17,398,80,35
455,789,25,420,16,38
456,483,74,114,169,37
457,3,18,26,11,8
458,531,69,300,150,138
459,12,4,19,12,6
460,38,1,24,0,0
461,4,12,15,19,7
462,199,33,60,8,3
463,526,28,135,10,21
464,80,4,46,0,17
465,8,4,5,15,2
466,26,1,11,0,1
467,48,58,68,16,66
468,2,2,4,13,13
469,23,1,25,0,8
470,356,0,107,19,9
471,217,38,350,111,85
472,204,97,97,21,118
473,22,2,10,6,4
474,5,4,5,4,2
475,23,1,13,2,2
476,153,64,123,116,64
477,982,73,351,56,14
478,97,1,41,6,2
479,163,0,480,0,126
480,14,7,11,11,0
481,50,1,27,6,7
482,23,4,5,10,5
483,17,0,9,0,0
484,416,0,26,0,0
485,7,1,6,3,1
486,1,9,7,2,14
487,111,3,28,2,6
488,1016,12,215,16,12
489,3,14,17,6,1
490,691,7,61,10,0
491,1050,12,144,0,0
492,495,33,255,11,33
493,14,0,6,0,0
494,25,3,16,8,5
495,526,35,214,69,53
496,424,17,118,7,23
497,1206,55,445,168,18
498,754,160,625,63,32
499,162,6,37,6,13
500,14,0,2,0,0
501,156,29,56,30,32
502,358,108,413,141,97
503,297,0,38,13,0
504,5,7,31,15,4
505,19,5,12,10,3
506,23,1,7,0,4
507,12,4,2,10,6
508,519,50,167,130,0
509,375,152,335,93,91
510,543,10,205,160,143
511,72,24,68,65,4
512,52,12,50,4,36
513,71,22,112,138,89
514,295,106,271,75,98
515,0,1,4,15,1
516,21,0,3,0,0
517,254,7,108,20,0
518,9,1,5,4,5
519,184,178,178,103,39
520,70,3,37,4,2
521,12,0,1,0,0
522,181,21,69,39,3
523,536,11,387,149,91
524,366,124,156,71,78
525,62,1,16,3,2
526,864,134,768,150,38
527,1003,34,536,134,51
528,352,0,27,10,0
529,5,0,3,0,0
530,707,20,171,65,60
531,196,25,607,67,17
532,52,0,9,0,0
533,7,5,39,17,15
534,25,0,8,2,0
535,626,0,70,0,7
536,453,38,279,188,38
537,10,1,7,0,0
538,60,51,87,6,20
539,9,1,6,3,0
540,20,1,28,3,3
541,376,0,38,11,8
542,6,4,7,4,3
543,444,44,382,11,8
544,410,0,59,19,9
545,162,31,127,8,17
546,711,28,142,49,18
547,1121,0,72,0,12
548,595,23,123,10,23
549,1067,138,750,0,19
550,104,1,54,13,9
551,934,24,230,16,24
552,44,5,19,0,4
553,789,0,142,12,9
554,1241,0,80,0,13
555,18,42,24,15,20
556,852,60,207,78,36
557,737,21,106,55,63
558,18,0,4,0,0
559,614,16,132,43,33
560,751,127,687,20,15
561,305,3,27,4,3
562,38,0,2,0,0
563,104,12,48,4,12
564,29,3,30,3,2
565,19,3,10,11,8
566,175,10,110,54,6
567,709,93,374,104,80
568,3,10,8,3,16
569,437,8,206,160,49
570,717,42,864,219,30
571,12,0,13,4,2
572,7,2,4,2,1
573,291,10,689,84,10
574,530,117,678,134,44
575,17,0,14,7,3
576,27,2,10,0,0
577,1462,16,128,0,0
578,957,153,612,99,95
579,86,12,75,33,15
580,212,6,69,4,12
581,28,34,62,11,14
582,112,17,44,34,22
583,135,46,92,65,61
584,185,0,28,3,2
585,587,43,337,42,87
586,167,0,43,6,2
587,1,12,9,0,14
588,1218,107,304,23,143
589,130,30,168,20,34
590,452,18,102,16,18
591,7,2,6,2,0
592,215,13,87,17,17
593,183,5,65,3,5
594,2,3,12,3,5
595,830,59,968,51,79
596,121,24,124,24,15
597,2,4,9,0,4
598,6,1,10,0,1
599,5,3,11,12,5
600,317,25,265,25,19
601,1324,27,119,71,108
602,871,111,704,145,55
603,15,10,19,8,17
604,11,0,4,0,0
605,13,3,6,6,5
606,389,66,408,37,57
607,1492,38,287,50,57
608,249,153,940,58,134
609,96,1,79,7,1
610,412,12,546,78,182
611,275,59,107,69,101
612,1166,0,48,0,0
613,29,12,59,19,1
614,116,11,72,3,17
615,5,4,10,2,2
616,562,21,464,28,10
617,407,70,239,103,88
618,995,112,417,42,48
619,21,1,9,7,3
620,527,0,21,0,0
621,12,23,38,30,18
622,11,12,35,3,5
623,219,3,100,26,0
624,206,10,67,30,27
625,200,193,100,46,185
626,13,2,15,2,2
627,856,0,76,12,9
628,30,9,12,2,11
629,73,3,90,12,1
630,421,5,90,0,16
631,64,4,68,7,5
632,879,143,797,106,143
633,712,0,45,0,0
634,244,15,108,4,15
635,125,6,73,8,4
636,70,0,16,0,0
637,34,4,66,3,10
638,129,26,67,3,67
639,726,53,363,123,107
640,1170,19,594,99,76
641,138,33,87,28,24
642,141,8,129,3,11
643,815,8,53,11,0
644,635,15,100,20,7
645,1115,12,128,33,12
646,1045,61,338,60,46
647,629,0,70,0,0
648,919,0,505,99,30
649,390,22,323,104,35
650,483,72,567,94,12
651,11,0,5,2,1
652,157,6,39,6,13
653,216,162,224,101,92
654,674,62,134,0,26
655,19,18,33,24,1
656,267,42,309,55,42
657,4,8,11,12,2
658,1039,43,204,153,58
659,384,60,364,119,101
660,462,61,184,10,53
661,255,47,573,52,32
662,676,161,426,210,44
663,87,13,34,10,6
664,50,4,44,10,10
665,10,1,18,10,4
666,162,28,818,0,28
667,583,34,309,0,22
668,80,1,60,4,6
669,12,0,4,0,0
670,32,0,5,0,0
671,251,108,334,65,92
672,7,11,3,10,4
673,31,3,31,2,8
674,14,7,9,6,16
675,62,1,57,19,11
676,12,11,10,3,12
677,159,2,51,6,2
678,122,21,43,25,10
679,1181,26,120,17,13
680,539,6,91,8,6
681,631,43,239,128,76
682,441,35,83,7,29
683,575,80,428,208,93
684,140,3,29,4,5
685,345,25,501,63,138
686,4,0,16,17,4
687,4,8,11,19,12
688,76,3,31,4,4
689,492,0,37,7,0
690,10,2,15,2,1
691,750,8,125,11,8
692,19,3,26,10,9
693,94,1,33,13,12
694,594,51,631,72,55
695,1,9,8,11,3
696,778,178,689,41,27
697,371,17,238,23,24
698,488,23,71,15,0
699,1184,102,673,52,40
700,27,1,12,2,0
701,69,8,26,12,7
702,817,185,687,145,55
703,19,8,29,0,12
704,19,0,35,6,4
705,1035,134,670,25,38
706,212,5,33,7,0
707,403,24,29,6,24
708,31,1,8,0,0
709,1248,16,349,43,16
710,4,1,9,3,0
711,393,0,239,90,69
712,5,36,7,0,10
713,627,91,597,159,91
714,743,19,181,12,0
715,196,0,512,33,130
716,100,71,243,108,94
717,378,0,189,97,172
718,105,0,10,0,1
719,8,1,5,0,0
720,24,2,23,0,8
721,315,35,322,46,7
722,473,21,176,19,21
723,533,10,217,198,174
724,1,3,6,10,0
725,295,21,78,39,13
726,231,161,215,171,30
727,6,12,3,21,6
728,192,5,53,0,5
729,3,3,3,15,4
730,30,3,47,19,21
731,571,50,142,33,50
732,410,112,420,0,82
733,2,12,10,6,13
734,359,35,314,93,116
735,3,4,7,15,8
736,16,2,18,3,0
737,3,17,26,20,1
738,22,1,11,0,1
739,642,14,49,0,7
740,897,161,430,186,161
741,639,8,166,11,8
742,960,0,883,50,38
743,24,1,108,29,29
744,801,0,80,0,0
745,186,36,234,86,72
746,618,44,215,0,17
747,2,1,1,1,0
748,331,197,170,58,152
749,918,10,129,13,0
750,35,4,17,7,6
751,266,6,51,8,6
752,982,17,672,23,34
753,406,0,30,0,0
754,463,96,333,168,53
755,799,12,375,16,12
756,16,17,19,20,21
757,3,1,3,8,0
758,91,3,52,2,1
759,384,0,102,21,32
760,42,16,29,12,20
761,2,10,11,12,9
762,618,15,106,20,7
763,308,0,73,0,0
764,1,5,8,4,8
765,169,24,553,188,0
766,769,80,252,15,34
767,224,155,155,192,93
768,6,1,7,23,4
769,108,1,28,13,1
770,216,9,57,20,9
771,201,2,43,3,5
772,167,37,64,49,34
773,20,3,16,0,4
774,10,2,16,11,2
775,269,15,69,15,19
776,650,37,780,27,167
777,88,39,78,58,13
778,504,23,117,179,28
779,1004,59,265,115,59
780,517,12,54,16,6
781,10,17,18,8,26
782,398,40,367,119,122
783,411,106,147,54,115
784,426,49,127,111,21
785,164,24,103,12,3
786,586,66,653,17,0
787,231,7,137,4,15
788,97,1,19,2,0
789,8,9,9,2,5
790,189,2,29,3,2
791,204,5,39,17,0
792,9,1,3,0,4
793,167,2,62,24,13
794,229,7,137,4,0
795,1001,44,107,58,44
796,822,114,108,179,137
797,73,0,13,0,1
798,28,0,13,4,2
799,4,9,16,17,0
800,67,11,26,4,3
801,1000,19,711,125,115
802,213,5,28,7,7
803,6,0,4,0,0
804,129,0,21,0,1
805,46,35,69,84,41
806,910,111,724,49,74
807,15,4,10,3,4
808,580,6,58,8,0
809,1,3,8,2,5
810,13,2,18,6,1
811,5,0,4,0,0
812,1001,17,572,93,125
813,107,2,12,2,2
814,507,93,520,242,40
815,325,83,300,86,58
816,881,38,319,16,25
817,235,0,235,19,4
818,5,1,7,17,14
819,6,0,6,2,1
820,913,26,376,17,26
821,41,0,10,0,0
822,23,0,9,0,0
823,702,17,151,0,8
824,18,2,10,0,0
825,1224,28,140,0,14
826,42,7,43,20,12
827,18,1,32,6,3
828,10,24,15,13,1
829,254,10,44,30,10
830,163,2,40,8,11
831,23,0,15,0,2
832,459,15,171,142,23
833,1142,29,249,38,29
834,458,81,356,106,50
835,622,7,115,30,0
836,846,84,352,91,56
837,10,4,4,3,3
838,671,47,655,145,111
839,367,4,51,6,4
840,536,27,590,38,107
841,2,3,20,6,11
842,112,6,92,3,9
843,509,0,27,0,0
844,31,19,35,26,14
845,11,0,16,7,6
846,292,6,37,0,3
847,10,4,14,4,4
848,62,1,44,6,5
849,23,0,8,6,2
850,1315,22,780,145,0
851,247,49,159,7,82
852,457,5,106,15,17
853,365,3,15,4,3
854,315,26,473,220,12
855,15,20,25,2,7
856,292,127,635,132,127
857,631,28,491,30,14
858,203,35,305,46,17
859,386,172,183,185,132
860,972,19,595,180,26
861,116,6,82,6,6
862,777,129,573,216,21
863,6,2,9,2,1
864,23,4,10,0,2
865,61,0,3,0,0
866,83,2,101,64,26
867,171,45,73,59,10
868,10,7,19,8,2
869,1394,22,708,89,91
870,162,25,53,16,0
871,889,55,685,168,92
872,371,32,189,0,58
873,227,23,389,42,21
874,383,0,53,6,4
875,960,64,464,146,0
876,561,85,171,25,123
877,8,26,46,38,9
878,207,26,447,75,0
879,131,0,16,2,1
880,571,12,523,63,60
881,342,32,230,34,32
882,4,19,9,28,25
883,1004,12,145,32,12
884,612,91,520,258,107
885,721,0,152,119,50
886,99,27,102,28,48
887,861,31,558,62,95
888,674,92,736,39,0
889,443,10,75,0,10
890,7,0,12,13,7
891,248,3,81,4,3
892,1000,155,379,224,17
893,29,0,5,0,1
894,8,8,22,24,11
895,74,0,42,2,1
896,30,2,25,0,1
897,391,32,70,21,32
898,689,8,167,11,8
899,30,11,33,13,6
900,176,29,818,0,33
901,45,12,52,25,22
902,635,114,254,132,152
903,456,4,24,0,0
904,520,7,154,19,0
905,555,82,257,93,61
906,769,22,500,210,143
907,574,8,216,21,16
908,19,1,17,2,0
909,18,10,3,3,5
910,1,2,5,6,0
911,3,2,7,0,4
912,154,22,202,39,30
913,71,99,278,185,121
914,6,5,17,3,24
915,753,43,226,69,10
916,5,1,8,0,0
917,14,0,24,3,3
918,556,54,845,202,133
919,7,2,8,3,2
920,72,7,58,13,1
921,229,7,140,10,3
922,58,0,18,2,0
923,34,0,7,0,0
924,10,5,28,11,1
925,1132,134,384,175,134
926,176,72,98,136,21
927,8,3,22,21,1
928,12,2,20,3,2
929,84,5,38,150,12
930,1379,33,216,0,33
931,815,10,239,28,10
932,606,24,974,197,194
933,106,27,68,52,7
934,29,0,25,2,2
935,680,11,392,75,0
936,233,0,23,0,0
937,433,89,650,16,102
938,19,6,20,0,5
939,524,0,134,28,28
940,6,4,16,3,10
941,1193,33,281,129,66
942,292,30,415,63,33
943,2,8,8,6,1
944,5,4,13,8,0
945,68,6,38,3,6
946,23,17,23,43,20
947,3,1,2,4,3
948,777,35,731,39,137
949,252,3,42,4,3
950,7,23,78,133,49
951,756,138,354,160,169
952,20,6,43,19,5
953,264,47,188,54,47
954,35,0,4,0,0
955,41,5,129,10,3
956,966,26,282,52,26
957,14,1,7,2,1
958,30,0,10,2,0
959,425,115,292,23,35
960,420,0,452,182,64
961,9,0,16,6,6
962,445,53,213,104,98
963,380,0,47,6,0
964,40,3,30,10,7
965,584,100,835,65,83
966,670,9,249,0,28
967,63,151,137,153,19
968,398,96,447,220,96
969,479,5,82,7,17
970,37,12,23,8,11
971,333,0,815,129,42
972,654,7,92,0,15
973,19,1,14,3,2
974,1047,0,140,67,38
975,774,70,118,182,187
976,0,4,7,11,10
977,26,3,13,2,10
978,129,129,259,168,121
979,738,0,232,13,20
980,7,6,13,7,6
981,298,7,68,4,0
982,128,0,16,0,1
983,2,4,2,0,11
984,4,2,11,2,0
985,199,66,315,97,174
986,576,7,115,19,7
987,380,98,733,110,112
988,489,6,152,8,6
989,443,5,71,21,16
990,714,8,99,11,0
991,33,8,10,2,10
992,30,1,8,0,0
993,27,2,7,0,2
994,12,5,25,0,9
995,1230,0,396,232,178
996,28,1,21,3,0
997,31,0,6,2,1
998,16,12,18,7,1
999,145,13,46,17,2
1000,5,10,13,3,8
1001,16,2,18,2,1
1002,17,8,14,10,4
1003,378,0,88,19,4
1004,307,26,360,138,31
1005,93,1,21,0,4
1006,112,1,54,7,7
1007,45,2,26,4,1
1008,8,4,12,15,4
1009,220,0,33,3,0
1010,6,8,19,16,4
1011,1181,107,199,39,30
1012,19,7,19,0,1
1013,298,27,697,216,24
1014,471,0,510,99,21
1015,24,0,8,0,0
1016,30,0,11,0,0
1017,36,4,18,6,2
1018,79,7,58,6,3
1019,173,43,118,46,27
1020,8,0,3,0,0
1021,587,51,898,247,0
1022,362,50,431,134,35
1023,983,76,184,180,138
1024,0,1,3,10,6
1025,25,5,19,7,0
1026,1156,120,915,94,144
1027,239,3,141,0,7
1028,6,16,24,11,0
1029,1,1,1725,1,1
1030,1111,24,790,160,45
1031,238,17,68,8,10
1032,22,0,6,6,2
1033,3,9,4,7,8
1034,758,12,385,33,89
1035,729,17,133,11,0
1036,6,0,5,2,1
1037,145,1,33,2,1
1038,454,0,171,8,19
1039,267,6,54,8,3
1040,1083,108,649,253,151
1041,37,0,7,3,0
1042,99,0,15,2,1
1043,757,80,217,29,80
1044,45,7,99,4,25
1045,172,12,112,8,0
1046,15,0,2,0,0
1047,262,6,61,0,10
1048,451,0,39,0,4
1049,316,58,161,76,51
1050,635,88,546,172,88
1051,4,12,11,3,13
1052,123,1,26,2,0
1053,545,7,114,37,21
1054,957,40,175,158,53
1055,572,8,259,34,35
1056,1478,19,403,0,19
1057,81,18,113,47,13
1058,1020,31,430,62,63
1059,502,12,109,16,6
1060,509,133,497,78,24
1061,8,0,9,2,1
1062,12,2,17,6,1
1063,631,0,115,10,7
1064,513,14,154,19,0
1065,466,22,432,147,113
1066,7,3,10,8,1
1067,73,57,100,71,15
1068,15,4,13,0,0
1069,338,4,89,11,8
1070,848,154,323,201,61
1071,202,47,197,55,42
1072,97,12,84,13,10
1073,51,4,50,12,1
1074,140,4,61,0,13
1075,309,3,24,4,3
1076,20,4,10,6,4
1077,1013,30,399,60,46
1078,459,0,24,6,0
1079,10,4,7,0,6
1080,948,10,86,13,21
1081,56,0,9,0,0
1082,563,50,774,28,31
1083,1,4,3,8,9
1084,110,0,5,2,0
1085,674,168,108,192,42
1086,611,76,749,59,45
1087,81,1,31,2,1
1088,16,7,23,0,8
1089,12,0,13,2,0
1090,46,4,36,2,2
1091,4,2,12,7,5
1092,115,27,44,4,146
1093,2,3,10,11,2
1094,46,0,7,0,0
1095,1074,0,69,0,0
1096,123,17,171,39,0
1097,402,35,106,101,77
1098,56,10,92,19,7
1099,25,6,16,20,0
1100,408,0,21,0,0
1101,560,21,442,29,44
1102,2,7,11,16,12
1103,35,0,2,0,0
1104,7,0,1,0,0
1105,36,0,12,2,2
1106,899,102,838,133,102
1107,1017,50,500,65,50
1108,493,183,352,184,23
1109,21,2,28,3,2
1110,247,8,160,6,8
1111,606,7,155,10,0
1112,2,1,6,2,1
1113,312,21,206,102,92
1114,724,74,929,97,55
1115,359,0,134,13,26
1116,97,3,66,12,7
1117,2,4,9,10,5
1118,73,28,217,10,24
1119,240,90,216,63,6
1120,138,120,204,16,126
1121,158,6,45,8,2
1122,272,7,80,20,7
1123,28,0,6,1,1
1124,8,0,8,0,0
1125,895,10,101,13,0
1126,210,0,6,0,0
1127,19,3,19,3,1
1128,547,7,140,0,7
1129,43,5,28,7,6
1130,143,6,52,11,8
1131,76,14,74,13,5
1132,833,33,549,151,133
1133,144,2,99,7,2
1134,158,0,23,0,0
1135,8,4,20,6,3
1136,203,0,10,0,0
1137,26,2,19,10,5
1138,37,0,17,0,0
1139,80,1,37,0,1
1140,2,2,11,10,6
1141,752,122,476,39,153
1142,173,2,39,3,2
1143,165,3,147,4,24
1144,614,35,160,58,35
1145,45,3,9,4,4
1146,1168,92,408,72,129
1147,1142,51,415,90,69
1148,1171,43,219,19,14
1149,546,72,376,94,145
1150,986,36,168,16,0
1151,918,57,842,99,38
1152,445,25,706,80,76
1153,313,8,104,6,4
1154,40,15,15,17,6
1155,19,13,18,10,7
1156,10,0,3,0,0
1157,141,70,106,72,19
1158,191,9,97,0,6
1159,629,17,177,69,0
1160,5,2,8,2,2
1161,33,0,5,0,0
1162,76,10,56,3,1
1163,488,21,238,56,108
1164,11,4,20,10,3
1165,561,64,785,84,128
1166,37,0,17,0,0
1167,340,108,185,130,38
1168,22,2,14,0,1
1169,499,149,815,173,49
1170,34,3,29,0,4
1171,18,0,9,0,1
1172,14,10,29,4,7
1173,10,0,10,3,1
1174,457,4,29,0,0
1175,110,5,59,7,1
1176,507,19,364,25,47
1177,81,4,33,5,2
1178,378,14,68,19,14
1179,703,102,601,0,58
1180,1276,24,746,94,29
1181,710,15,30,20,0
1182,138,39,63,55,18
1183,255,43,134,37,14
1184,984,51,432,180,120
1185,270,31,88,11,48
1186,816,42,450,55,56
1187,28,9,37,12,7
1188,53,0,8,0,0
1189,1076,16,417,42,48
1190,673,0,199,37,47
1191,14,0,16,0,0
1192,135,0,10,0,4
1193,1311,0,359,46,89
1194,652,8,158,21,0
1195,324,48,186,39,18
1196,410,73,747,76,161
1197,30,8,12,8,8
1198,258,107,291,84,37
1199,768,44,561,77,44
1200,565,32,435,28,32
1201,13,2,14,8,7
1202,3,3,7,0,2
1203,835,73,380,114,73
1204,1,1,4,11,9
1205,621,73,414,78,48
1206,5,2,16,3,2
1207,20,0,14,7,3
1208,230,35,75,63,57
1209,10,12,12,25,1
1210,223,2,31,0,2
1211,191,56,139,51,8
1212,67,1,20,0,2
1213,25,0,11,3,0
1214,26,0,15,2,1
1215,909,12,278,0,12
1216,42,0,17,0,0
1217,7,10,13,16,0
1218,151,7,89,0,7
1219,647,107,391,175,67
1220,267,140,599,34,12
1221,829,138,430,60,92
1222,1050,178,555,77,138
1223,344,189,482,50,33
1224,12,6,2,11,2
1225,605,10,345,84,54
1226,42,1,18,3,0
1227,21,8,20,15,3
1228,789,0,133,0,28
1229,243,101,405,29,40
1230,527,24,230,32,24
1231,12,4,6,11,8
1232,581,49,157,43,8
1233,105,0,9,2,1
1234,14,2,30,8,2
1235,76,0,7,0,0
1236,293,6,23,13,6
1237,2,5,9,28,6
1238,16,11,15,2,0
1239,6,2,18,2,8
1240,0,0,1,7,4
1241,546,0,48,0,6
1242,613,22,319,33,102
1243,2,2,2,2,1
1244,29,0,29,0,5
1245,521,168,706,80,76
1246,1012,80,498,0,16
1247,826,50,317,50,38
1248,11,0,36,15,5
1249,230,48,214,13,32
1250,504,13,131,8,0
1251,964,34,137,15,0
1252,1,26,25,17,23
1253,513,7,133,46,14
1254,178,3,85,71,66
1255,22,1,13,4,0
1256,22,3,18,0,0
1257,277,162,305,173,76
1258,30,5,22,8,9
1259,3,0,5,13,0
1260,227,151,573,98,54
1261,293,0,87,4,11
1262,771,51,154,54,10
1263,144,0,7,0,0
1264,28,6,27,12,17
1265,33,4,24,4,2
1266,10,3,3,0,0
1267,2,8,1,4,7
1268,38,4,22,4,2
1269,438,66,400,12,38
1270,68,1,13,3,5
1271,502,19,132,0,6
1272,314,11,53,4,3
1273,572,19,286,50,38
1274,479,28,136,75,14
1275,16,0,17,6,3
1276,456,19,832,75,118
1277,34,1,14,0,0
1278,2,2,1,3,1
1279,957,47,494,82,47
1280,22,1,8,2,1
1281,5,13,14,0,5
1282,267,98,606,48,70
1283,448,21,125,52,101
1284,98,0,106,49,10
1285,13,0,3,0,0
1286,712,26,538,69,13
1287,14,0,23,4,5
1288,37,4,24,16,9
1289,1,1,3,1,1
1290,8,4,10,2,2
1291,8,0,14,2,3
1292,182,2,49,17,13
1293,284,3,84,4,7
1294,167,13,180,86,13
1295,43,12,96,78,40
1296,38,0,12,3,1
1297,245,16,223,21,43
1298,641,7,56,0,0
1299,241,45,604,34,26
1300,167,48,602,63,72
1301,593,30,91,29,22
1302,4,7,15,13,9
1303,224,0,30,0,0
1304,464,151,292,65,60
1305,1285,42,716,55,0
1306,100,1,39,6,1
1307,17,8,12,11,15
1308,387,20,713,38,54
1309,35,1,16,0,1
1310,14,0,4,0,0
1311,1,1,5,0,3
1312,675,11,400,15,45
1313,99,13,66,43,8
1314,518,42,742,55,56
1315,1073,0,629,145,37
1316,783,30,537,140,76
1317,23,2,17,2,1
1318,537,6,42,16,6
1319,656,16,106,32,16
1320,279,172,74,38,8
1321,163,48,90,0,45
1322,24,3,26,7,1
1323,479,35,179,28,7
1324,17,3,18,3,4
1325,43,2,27,0,9
1326,109,18,16,24,26
1327,739,107,309,140,80
1328,189,2,55,0,5
1329,1200,0,204,38,29
1330,8,7,9,13,6
1331,194,55,134,15,0
1332,3,3,14,15,21
1333,604,28,674,91,28
1334,888,0,57,0,0
1335,432,79,341,177,136
1336,897,23,207,15,11
1337,3,6,5,0,2
1338,953,0,71,0,0
1339,483,0,591,156,0
1340,205,20,47,23,2
1341,833,80,363,52,26
1342,395,15,263,60,54
1343,43,4,12,8,0
1344,4,0,5,0,1
1345,686,17,142,23,26
1346,88,10,46,2,3
1347,209,162,209,41,162
1348,381,35,172,56,86
1349,35,0,13,2,0
1350,24,0,2,0,0
1351,172,73,93,95,78
1352,9,0,3,0,0
1353,792,0,275,45,45
1354,55,0,6,2,0
1355,496,32,849,229,48
1356,2,5,12,4,8
1357,505,0,26,0,0
1358,344,35,178,15,23
1359,39,0,56,20,8
1360,12,0,4,0,0
1361,908,48,217,32,12
1362,736,163,818,212,163
1363,79,1,31,4,4
1364,260,86,559,63,9
1365,10,0,7,2,0
1366,13,6,15,3,5
1367,347,44,534,17,0
1368,5,3,10,12,7
1369,448,4,34,6,4
1370,4,22,11,3,7
1371,570,73,614,133,102
1372,23,0,11,2,1
1373,34,1,19,2,7
1374,21,5,3,10,1
1375,341,142,113,259,151
1376,336,130,411,240,32
1377,6,17,16,6,16
1378,161,28,136,32,3
1379,25,6,25,6,0
1380,96,12,96,33,22
1381,297,7,79,0,11
1382,393,5,136,7,5
1383,797,153,293,72,97
1384,113,61,204,34,26
1385,56,5,24,4,0
1386,342,51,936,207,35
1387,494,5,82,7,0
1388,216,2,6,0,0
1389,211,2,30,7,7
1390,11,0,5,0,0
1391,96,1,42,12,3
1392,8,3,19,0,2
1393,85,44,54,102,78
1394,111,16,37,7,9
1395,240,132,445,250,192
1396,1332,17,311,23,51
1397,13,0,8,2,1
1398,958,159,447,20,0
1399,19,0,9,0,0
1400,520,42,98,0,42
1401,157,43,127,68,56
1402,39,2,25,4,3
1403,68,0,226,51,157
1404,928,63,254,0,12
1405,67,4,32,17,2
1406,420,15,186,151,38
1407,209,0,40,3,2
1408,77,28,31,16,0
1409,1032,105,779,137,105
1410,22,1,9,0,0
1411,84,10,34,11,10
1412,6,6,29,12,15
1413,99,2,11,4,0
1414,144,1,32,2,1
1415,143,15,60,24,23
1416,39,1,9,2,1
1417,11,0,13,2,4
1418,1,3,3,8,1
1419,275,0,86,10,23
1420,166,5,107,11,8
1421,67,5,61,3,8
1422,5,11,16,21,8
1423,817,183,797,106,163
1424,30,5,24,6,3
1425,5,3,9,6,2
1426,562,58,168,43,16
1427,218,63,282,137,35
1428,15,0,8,4,2
1429,6,3,12,6,1
1430,554,35,113,0,7
1431,152,3,22,2,5
1432,350,104,189,197,151
1433,182,17,259,77,70
1434,244,51,270,101,0
1435,173,26,255,35,71
1436,293,0,124,179,97
1437,11,7,12,2,2
1438,350,3,39,0,0
1439,13,11,24,13,8
1440,68,7,59,10,5
1441,6,0,3,0,0
1442,12,1,6,0,1
1443,641,7,84,0,30
1444,233,20,57,8,20
1445,197,107,227,7,59
1446,198,18,252,32,108
1447,68,129,396,188,22
1448,940,44,396,0,88
1449,18,7,34,10,2
1450,224,2,25,7,0
1451,209,19,456,160,142
1452,161,0,253,199,191
1453,820,57,242,45,0
1454,179,21,273,0,21
1455,141,11,114,15,14
1456,967,0,617,43,50
1457,620,26,195,34,17
1458,6,4,25,15,12
1459,1245,33,332,21,33
1460,9,1,5,2,1
1461,8,15,27,0,20
1462,1285,105,653,28,21
1463,819,0,72,12,0
1464,101,13,76,20,18
1465,10,7,25,6,3
1466,350,8,66,17,4
1467,18,0,6,3,3
1468,24,0,8,0,1
1469,658,80,483,123,13
1470,734,22,350,151,25
1471,1285,21,449,106,20
1472,505,137,401,104,22
1473,400,32,519,71,75
1474,346,17,48,23,13
1475,9,1,2,3,2
1476,53,8,17,13,0
1477,1239,17,413,23,34
1478,46,0,30,12,1
1479,22,0,19,6,5
1480,120,58,73,65,89
1481,1184,32,352,21,16
1482,31,1,13,7,2
1483,595,71,153,120,112
1484,199,12,31,3,12
1485,3,1,8,23,2
1486,5,1,6,3,4
1487,1,3,6,3,6
1488,48,0,2,0,0
1489,423,184,368,13,97
1490,572,8,232,23,62
1491,241,0,12,0,0
1492,565,6,65,0,6
1493,7,4,23,7,0
1494,10,14,29,4,2
1495,202,2,46,3,2
1496,30,0,8,2,0
1497,28,0,11,0,0
1498,285,28,242,55,114
1499,16,36,21,20,62
1500,117,0,22,13,0
1501,4,1,11,6,2
1502,1023,93,651,49,55
1503,233,2,53,3,5
1504,51,12,49,17,24
1505,53,3,49,7,4
1506,482,35,553,72,160
1507,28,0,9,3,0
1508,318,3,17,4,7
1509,85,15,27,13,13
1510,6,4,9,6,36
1511,158,0,76,13,7
1512,22,2,31,7,4
1513,508,5,21,7,5
1514,1,6,7,0,1
1515,428,30,214,80,30
1516,16,0,3,0,0
1517,863,83,547,86,99
1518,98,1,17,0,1
1519,897,126,196,91,112
1520,557,129,761,29,185
1521,594,134,786,33,134
1522,15,0,6,0,1
1523,138,15,35,25,11
1524,1,2,7,4,3
1525,378,97,259,197,194
1526,447,0,28,0,0
1527,134,8,76,6,0
1528,980,37,265,35,163
1529,18,0,5,0,0
1530,329,35,222,130,35
1531,135,25,51,23,25
1532,56,0,12,0,0
1533,6,6,15,10,5
1534,7,10,17,8,6
1535,7,4,13,15,8
1536,9,0,6,3,1
1537,734,26,70,11,44
1538,9,0,7,3,4
1539,6,10,12,3,15
1540,14,0,1,0,0
1541,1,4,10,29,0
1542,5,1,13,3,5
1543,284,0,52,8,3
1544,795,0,545,95,58
1545,8,0,7,3,1
1546,24,1,16,12,2
1547,239,7,119,4,15
1548,615,28,259,12,48
1549,526,80,553,123,94
1550,8,4,10,6,7
1551,1296,17,311,45,69
1552,30,0,9,0,0
1553,351,16,156,7,5
1554,127,4,73,15,6
1555,5,0,3,0,0
1556,604,0,100,19,0
1557,376,53,462,168,53
1558,112,0,6,2,1
1559,421,76,536,82,178
1560,412,172,153,150,105
1561,48,0,14,0,0
1562,245,19,125,37,67
1563,183,33,493,59,103
1564,15,1,23,0,5
1565,19,1,10,2,1
1566,252,98,827,219,70
1567,5,6,10,6,5
1568,750,71,174,13,10
1569,11,0,3,0,0
1570,5,23,15,0,18
1571,121,62,90,68,20
1572,399,28,756,36,40
1573,90,17,97,15,6
1574,7,7,14,7,16
1575,565,42,548,64,83
1576,1149,71,449,69,71
1577,11,3,22,2,2
1578,77,8,44,10,10
1579,1298,0,70,37,14
1580,29,1,9,2,0
1581,800,0,297,0,34
1582,20,2,9,4,6
1583,14,0,3,0,0
1584,482,34,471,119,68
1585,280,0,18,0,0
1586,56,4,76,17,1
1587,296,13,104,11,13
1588,301,7,74,10,0
1589,35,40,111,36,40
1590,70,6,69,2,3
1591,283,10,38,0,13
1592,12,3,8,8,0
1593,230,14,156,82,24
1594,37,5,56,12,8
1595,387,126,342,0,45
1596,516,0,21,0,0
1597,75,12,141,43,39
1598,132,0,16,0,0
1599,155,7,80,13,7
1600,392,5,91,28,26
1601,217,76,690,50,26
1602,194,2,56,0,0
1603,201,53,172,116,77
1604,9,1,5,0,0
1605,448,40,469,80,0
1606,514,22,732,42,198
1607,512,53,98,81,179
1608,812,99,431,237,149
1609,960,28,183,220,70
1610,26,3,23,4,7
1611,382,138,65,60,26
1612,171,0,11,0,1
1613,397,46,288,20,38
1614,27,0,5,0,0
1615,35,0,4,0,0
1616,480,86,249,75,86
1617,26,0,8,0,0
1618,548,31,422,0,112
1619,371,22,39,6,0
1620,14,3,21,2,1
1621,1,3,4,2,3
1622,806,80,161,120,11
1623,968,147,842,137,42
1624,39,1,16,2,0
1625,707,44,603,95,58
1626,1060,21,530,32,0
1627,155,1,25,0,1
1628,4,1,6,4,1
1629,313,15,47,20,0
1630,244,8,32,7,2
1631,208,17,76,36,17
1632,747,10,161,65,40
1633,13,2,21,4,0
1634,51,4,24,4,7
1635,604,26,470,123,161
1636,418,61,428,80,51
1637,387,84,141,73,35
1638,465,71,250,93,35
1639,452,20,514,13,30
1640,32,0,5,2,0
1641,371,159,194,58,106
1642,491,48,231,112,105
1643,1205,0,235,19,14
1644,4,1,5,2,0
1645,179,2,64,38,17
1646,378,0,101,0,0
1647,23,2,11,3,1
1648,576,172,961,125,115
1649,825,8,53,11,0
1650,92,4,18,3,3
1651,458,0,24,6,4
1652,836,185,575,24,25
1653,171,3,129,26,24
1654,493,26,206,116,80
1655,1349,16,249,43,16
1656,20,6,5,0,9
1657,423,42,706,73,197
1658,925,64,179,133,12
1659,525,147,112,219,147
1660,8,1,7,2,0
1661,620,16,165,0,24
1662,407,28,100,120,74
1663,29,1,17,0,3
1664,8,2,4,0,0
1665,324,132,693,27,118
1666,1252,0,465,46,35
1667,12,4,7,1,3
1668,311,26,640,180,37
1669,2,0,7,3,7
1670,512,0,83,0,0
1671,31,0,7,2,0
1672,693,21,118,110,147
1673,515,47,267,62,66
1674,86,2,73,69,38
1675,492,5,32,13,5
1676,1048,0,217,0,0
1677,688,14,309,201,24
1678,562,81,276,80,40
1679,328,9,124,12,24
1680,274,0,21,4,6
1681,4,1,11,0,0
1682,630,26,611,44,18
1683,84,3,61,2,1
1684,36,2,42,20,21
1685,13,3,17,7,3
1686,691,0,69,10,0
1687,415,5,124,15,35
1688,811,76,428,99,137
1689,931,56,253,91,98
1690,3,2,10,3,0
1691,91,64,128,65,3
1692,9,9,11,13,10
1693,290,59,177,77,5
1694,102,9,49,24,3
1695,14,1,21,2,3
1696,840,53,804,23,71
1697,1279,15,287,20,0
1698,221,104,169,102,78
1699,39,33,130,41,26
1700,179,28,520,111,123
1701,261,23,73,4,23
1702,620,54,239,99,98
1703,5,0,8,2,0
1704,559,153,503,218,13
1705,5,3,4,4,1
1706,0,2,3,4,1
1707,944,0,60,0,0
1708,856,61,570,40,25
1709,86,4,56,2,4
1710,53,1,34,2,0
1711,11,2,9,3,0
1712,539,169,816,20,0
1713,365,32,117,34,110
1714,236,106,189,23,41
1715,882,29,514,38,29
1716,1,8,6,4,8
1717,0,4,5,6,0
1718,603,45,207,36,18
1719,66,2,40,4,3
1720,920,138,168,36,46
1721,153,4,56,0,9
1722,27,1,14,4,1
1723,267,3,30,4,0
1724,4,16,20,0,17
1725,8,3,9,19,4
1726,184,174,256,50,30
1727,335,42,127,28,5
1728,357,35,271,28,28
1729,32,34,41,73,16
1730,77,2,35,0,1
1731,62,1,20,4,0
1732,1103,0,45,0,0
1733,708,7,62,0,0
1734,530,142,217,62,9
1735,8,0,3,0,0
1736,4,24,11,16,1
1737,189,10,253,56,43
1738,53,5,19,2,13
1739,65,4,16,0,4
1740,62,0,22,3,1
1741,1449,89,161,69,35
1742,731,60,353,78,12
1743,104,20,101,24,15
1744,465,25,132,136,0
1745,912,72,170,47,36
1746,228,19,130,4,11
1747,866,21,151,28,21
1748,853,10,143,13,10
1749,22,4,17,12,10
1750,3,6,7,0,0
1751,899,0,101,0,0
1752,159,0,22,2,1
1753,1,6,7,11,5
1754,336,123,274,46,123
1755,135,1,41,10,1
1756,742,28,152,25,9
1757,3,18,14,15,22
1758,127,1,56,0,1
1759,606,148,228,15,148
1760,5,0,1,1,1
1761,187,81,149,25,43
1762,519,17,813,27,173
1763,382,114,276,75,124
1764,598,16,141,32,41
1765,368,32,639,13,43
1766,0,0,1,8,3
1767,160,15,196,15,11
1768,42,11,57,10,28
1769,397,19,69,12,0
1770,370,9,92,6,9
1771,15,6,20,4,5
1772,321,11,309,33,26
1773,349,16,144,28,5
1774,16,0,23,3,2
1775,553,25,142,65,67
1776,610,105,125,137,42
1777,5,17,17,13,14
1778,100,2,16,2,1
1779,12,0,4,0,0
1780,20,2,23,3,1
1781,3,5,14,2,12
1782,503,27,419,90,139
1783,724,17,143,0,8
1784,4,0,4,0,0
1785,2,7,5,2,15
1786,3,2,8,20,0
1787,520,20,367,39,81
1788,1073,0,250,153,14
1789,1001,12,240,16,12
1790,238,115,215,169,69
1791,395,183,565,166,141
1792,4,0,2,0,0
1793,301,11,61,4,7
1794,482,147,509,104,107
1795,1302,68,731,89,114
1796,1308,0,396,23,0
1797,7,1,6,0,3
1798,372,18,126,47,48
1799,25,1,13,0,0
1800,464,28,873,29,18
1801,317,46,247,151,46
1802,215,63,507,231,31
1803,89,15,89,34,42
1804,440,81,368,0,122
1805,712,50,420,65,38
1806,1017,33,417,108,100
1807,18,0,2,0,0
1808,159,0,120,0,0
1809,212,123,177,15,64
1810,11,7,9,3,1
1811,6,2,15,6,6
1812,174,18,81,28,6
1813,16,3,25,6,1
1814,997,26,269,34,13
1815,0,0,0,6,2
1816,56,0,11,0,0
1817,160,80,369,67,39
1818,1,5,3,7,4
1819,8,2,15,0,10
1820,11,5,22,12,5
1821,36,0,2,0,0
1822,180,60,241,13,54
1823,318,8,407,150,35
1824,389,91,248,64,49
1825,369,9,87,12,14
1826,16,4,12,2,4
1827,159,4,45,6,2
1828,847,66,119,86,89
1829,1090,12,96,16,12
1830,205,7,41,3,2
1831,68,28,39,16,30
1832,605,91,399,0,45
1833,33,0,5,0,0
1834,50,4,28,6,3
1835,29,0,2,0,0
1836,0,0,1,2,12
1837,170,6,97,24,12
1838,327,9,122,19,14
1839,40,1,40,4,3
1840,14,0,3,0,0
1841,295,35,482,121,120
1842,6,7,4,3,4
1843,675,144,133,94,192
1844,1,45,3,4,6
1845,1,6,2,8,2
1846,1,0,5,0,3
1847,25,1,9,2,1
1848,2,13,6,7,5
1849,274,83,216,151,141
1850,95,14,64,2,9
1851,265,138,553,224,23
1852,1126,28,211,37,28
1853,2,0,9,3,6
1854,184,23,446,30,23
1855,172,41,86,45,6
1856,24,2,20,2,2
1857,519,71,860,93,27
1858,40,2,23,0,4
1859,158,19,288,25,0
1860,134,11,59,15,2
1861,71,0,18,0,0
1862,483,0,108,0,6
1863,749,40,294,121,160
1864,476,75,162,29,151
1865,693,21,925,31,24
1866,100,64,79,65,0
1867,2,0,5,2,0
1868,19,1,20,16,14
1869,741,19,154,50,9
1870,691,7,69,0,7
1871,51,0,16,0,0
1872,438,169,565,91,169
1873,386,23,95,54,41
1874,10,0,8,0,0
1875,431,82,441,80,20
1876,29,4,34,2,4
1877,283,17,372,138,106
1878,70,54,109,80,9
1879,173,13,131,32,3
1880,16,1,2,0,0
1881,125,16,98,134,21
1882,281,7,84,15,0
1883,180,32,348,76,32
1884,225,162,387,106,36
1885,794,73,573,0,29
1886,63,10,83,7,19
1887,2,6,28,13,4
1888,12,1,16,4,1
1889,71,0,13,3,1
1890,26,1,16,2,2
1891,770,29,890,250,27
1892,28,0,4,0,0
1893,90,67,165,30,43
1894,24,0,27,8,30
1895,87,5,71,7,12
1896,6,5,4,13,4
1897,240,67,500,199,0
1898,2,8,11,3,8
1899,349,7,35,0,0
1900,400,4,35,6,0
1901,277,21,64,62,21
1902,760,80,466,17,13
1903,909,11,218,0,0
1904,145,193,459,205,26
1905,653,17,170,34,26
1906,45,0,16,2,1
1907,15,0,4,0,0
1908,11,0,10,0,2
1909,46,0,40,3,0
1910,713,0,264,120,80
1911,185,8,133,56,56
1912,404,0,92,28,27
1913,10,6,11,0,4
1914,5,2,3,3,0
1915,217,77,373,111,23
1916,293,8,124,11,4
1917,522,0,522,227,120
1918,40,0,19,2,1
1919,532,21,127,26,20
1920,73,18,66,7,12
1921,6,3,14,15,7
1922,4,2,5,2,0
1923,760,40,480,0,40
1924,247,161,295,210,85
1925,15,5,14,0,4
1926,24,1,10,2,0
1927,9,0,5,0,0
1928,47,1,6,0,0
1929,37,0,46,4,3
1930,303,23,751,82,26
1931,182,4,33,0,2
1932,88,3,21,4,1
1933,288,10,30,4,10
1934,790,19,133,12,0
1935,2,1,18,20,11
1936,6,5,5,8,0
1937,226,22,133,41,31
1938,327,9,125,25,4
1939,29,0,14,0,0
1940,234,14,77,19,10
1941,31,0,6,0,1
1942,355,30,177,90,138
1943,179,8,83,19,11
1944,344,45,654,104,11
1945,709,43,182,42,118
1946,407,53,221,58,150
1947,273,11,178,62,83
1948,992,24,694,51,19
1949,3,2,12,0,1
1950,4,1,7,2,1
1951,255,31,446,40,56
1952,315,4,62,41,31
1953,597,166,597,172,166
1954,1092,37,592,145,37
1955,279,0,18,0,0
1956,416,46,925,60,107
1957,983,20,389,240,50
1958,33,6,40,3,7
1959,266,21,300,65,8
1960,173,8,107,7,2
1961,625,35,169,58,17
1962,304,98,230,150,74
1963,454,194,106,31,22
1964,650,28,353,45,42
1965,16,5,30,8,7
1966,2,5,7,0,18
1967,26,0,6,0,0
1968,19,3,18,3,1
1969,336,28,282,184,54
1970,65,0,46,4,3
1971,9,0,3,0,0
1972,26,1,10,2,0
1973,82,33,54,71,30
1974,492,19,110,16,12
1975,546,91,410,119,0
1976,450,133,951,173,0
1977,494,92,391,194,11
1978,183,2,64,7,2
1979,1,6,2,3,6
1980,1396,0,322,46,35
1981,7,2,9,2,0
1982,12,1,21,2,2
1983,99,4,32,37,54
1984,51,2,7,0,1
1985,412,22,132,59,28
1986,2,1,1,0,0
1987,736,114,279,82,76
1988,25,4,9,6,8
1989,2,14,28,16,3
1990,2,1,4,3,1
1991,229,5,56,3,2
1992,376,9,83,19,4
1993,15,2,10,0,1
1994,2,8,10,12,14
1995,37,32,38,11,3
